{"cameraMode":{"drawMode":0,"name":"Shaded","section":"Shading Mode"},"sceneLighting":false,"audioPlay":false,"sceneViewState":{"showFog":true,"showMaterialUpdate":false,"showSkybox":false,"showFlares":true,"showImageEffects":true,"showParticleSystems":true},"in2DMode":false,"pivot":{"x":3.640542984008789,"y":-4.504204750061035,"z":-1.1015136241912842},"rotation":{"x":0.22722387313842774,"y":-0.6494499444961548,"z":0.21270206570625306,"w":0.6937946081161499},"size":15.141003608703614,"orthographic":false}